﻿Designator,Footprint,Quantity,Value,LCSC Part #
"C1, C2, C3, C4, C5",C0805,5,100nF,C49678
D1,LED_WS2812B_PLCC4_5.0x5.0mm_P3.2mm,1,WS2812B,
"D10, D11, D12, D2, D3, D4, D5, D6, D7, D8, D9",LED_WS2812B_PLCC4_5.0x5.0mm_P3.2mm,11,WS2812B,C2874885
J1,GROVE-HW4-2.0-90D,1,Serial,
J2,GROVE-HW4-2.0-90D,1,I2C,
J3,GROVE-HW4-2.0-90D,1,AD12,
J4,GROVE-HW4-2.0-90D,1,AD34,
J5,PinHeader_1x07_P2.54mm_Vertical,1,SPI-BUS,
J6,PinHeader_1x03_P2.54mm_Vertical,1,NEOPixel,
"R1, R2",0805,2,4k7,C17673
R3,0805,1,330,C17673
U1,Seeeduino XIAO-MOUDLE14P-2.54-21X17.8MM-holes,1,XIAO,
U2,XDCR_VEML7700-TR,1,VEML7700-TR,
